{
    "L1FilterPruner": [
        {
            "sparsity": 0.1,
            "params": 12187336.0,
            "flops": 256252606.0,
            "performance": 0.9344
        },
        {
            "sparsity": 0.2,
            "params": 9660216.0,
            "flops": 203049930.0,
            "performance": 0.9371
        },
        {
            "sparsity": 0.3,
            "params": 7435417.0,
            "flops": 155477470.0,
            "performance": 0.9341
        },
        {
            "sparsity": 0.4,
            "params": 5493954.0,
            "flops": 114721578.0,
            "performance": 0.9317
        },
        {
            "sparsity": 0.5,
            "params": 3820010.0,
            "flops": 79155722.0,
            "performance": 0.9309
        },
        {
            "sparsity": 0.6,
            "params": 2478632.0,
            "flops": 51618494.0,
            "performance": 0.9229
        },
        {
            "sparsity": 0.7,
            "params": 1420600.0,
            "flops": 29455306.0,
            "performance": 0.9031
        },
        {
            "sparsity": 0.8,
            "params": 658553.0,
            "flops": 13290974.0,
            "performance": 0.8756
        },
        {
            "sparsity": 0.9,
            "params": 186178.0,
            "flops": 3574570.0,
            "performance": 0.8145
        },
        {
            "sparsity": 0.95,
            "params": 58680.0,
            "flops": 1050570.0,
            "performance": 0.6983
        },
        {
            "sparsity": 0.975,
            "params": 23408.0,
            "flops": 329918.0,
            "performance": 0.5573
        }
    ],
    "L2FilterPruner": [
        {
            "sparsity": 0.1,
            "params": 12187336.0,
            "flops": 256252606.0,
            "performance": 0.9357
        },
        {
            "sparsity": 0.2,
            "params": 9660216.0,
            "flops": 203049930.0,
            "performance": 0.9355
        },
        {
            "sparsity": 0.3,
            "params": 7435417.0,
            "flops": 155477470.0,
            "performance": 0.9337
        },
        {
            "sparsity": 0.4,
            "params": 5493954.0,
            "flops": 114721578.0,
            "performance": 0.9308
        },
        {
            "sparsity": 0.5,
            "params": 3820010.0,
            "flops": 79155722.0,
            "performance": 0.9285
        },
        {
            "sparsity": 0.6,
            "params": 2478632.0,
            "flops": 51618494.0,
            "performance": 0.9208
        },
        {
            "sparsity": 0.7,
            "params": 1420600.0,
            "flops": 29455306.0,
            "performance": 0.909
        },
        {
            "sparsity": 0.8,
            "params": 658553.0,
            "flops": 13290974.0,
            "performance": 0.8698
        },
        {
            "sparsity": 0.9,
            "params": 186178.0,
            "flops": 3574570.0,
            "performance": 0.8203
        },
        {
            "sparsity": 0.95,
            "params": 58680.0,
            "flops": 1050570.0,
            "performance": 0.7063
        },
        {
            "sparsity": 0.975,
            "params": 23408.0,
            "flops": 329918.0,
            "performance": 0.5455
        }
    ],
    "FPGMPruner": [
        {
            "sparsity": 0.1,
            "params": 12187336.0,
            "flops": 256252606.0,
            "performance": 0.937
        },
        {
            "sparsity": 0.2,
            "params": 9660216.0,
            "flops": 203049930.0,
            "performance": 0.936
        },
        {
            "sparsity": 0.3,
            "params": 7435417.0,
            "flops": 155477470.0,
            "performance": 0.9359
        },
        {
            "sparsity": 0.4,
            "params": 5493954.0,
            "flops": 114721578.0,
            "performance": 0.9302
        },
        {
            "sparsity": 0.5,
            "params": 3820010.0,
            "flops": 79155722.0,
            "performance": 0.9233
        },
        {
            "sparsity": 0.6,
            "params": 2478632.0,
            "flops": 51618494.0,
            "performance": 0.922
        },
        {
            "sparsity": 0.7,
            "params": 1420600.0,
            "flops": 29455306.0,
            "performance": 0.9022
        },
        {
            "sparsity": 0.8,
            "params": 658553.0,
            "flops": 13290974.0,
            "performance": 0.8794
        },
        {
            "sparsity": 0.9,
            "params": 186178.0,
            "flops": 3574570.0,
            "performance": 0.8276
        },
        {
            "sparsity": 0.95,
            "params": 58680.0,
            "flops": 1050570.0,
            "performance": 0.6967
        },
        {
            "sparsity": 0.975,
            "params": 23408.0,
            "flops": 329918.0,
            "performance": 0.3683
        }
    ],
    "NetAdaptPruner": [
        {
            "sparsity": 0.1,
            "params": 13492098.0,
            "flops": 308484330.0,
            "performance": 0.9376
        },
        {
            "sparsity": 0.2,
            "params": 11998408.0,
            "flops": 297641410.0,
            "performance": 0.9374
        },
        {
            "sparsity": 0.3,
            "params": 10504344.0,
            "flops": 281928834.0,
            "performance": 0.9369
        },
        {
            "sparsity": 0.4,
            "params": 8263221.0,
            "flops": 272964342.0,
            "performance": 0.9382
        },
        {
            "sparsity": 0.5,
            "params": 6769885.0,
            "flops": 249070966.0,
            "performance": 0.9388
        },
        {
            "sparsity": 0.6,
            "params": 6022137.0,
            "flops": 237106998.0,
            "performance": 0.9383
        },
        {
            "sparsity": 0.7,
            "params": 4526754.0,
            "flops": 222152490.0,
            "performance": 0.936
        },
        {
            "sparsity": 0.8,
            "params": 3032759.0,
            "flops": 162401210.0,
            "performance": 0.9362
        }
    ],
    "SimulatedAnnealingPruner": [
        {
            "sparsity": 0.1,
            "params": 12691704.0,
            "flops": 301467870.0,
            "performance": 0.9366
        },
        {
            "sparsity": 0.2,
            "params": 10318461.0,
            "flops": 275724450.0,
            "performance": 0.9362
        },
        {
            "sparsity": 0.3,
            "params": 8217127.0,
            "flops": 246321046.0,
            "performance": 0.9371
        },
        {
            "sparsity": 0.4,
            "params": 6458368.0,
            "flops": 232948294.0,
            "performance": 0.9378
        },
        {
            "sparsity": 0.5,
            "params": 4973079.0,
            "flops": 217675254.0,
            "performance": 0.9362
        },
        {
            "sparsity": 0.6,
            "params": 3131526.0,
            "flops": 151576878.0,
            "performance": 0.9347
        },
        {
            "sparsity": 0.7,
            "params": 1891036.0,
            "flops": 76575574.0,
            "performance": 0.9289
        },
        {
            "sparsity": 0.8,
            "params": 1170751.0,
            "flops": 107532322.0,
            "performance": 0.9325
        },
        {
            "sparsity": 0.9,
            "params": 365978.0,
            "flops": 46241354.0,
            "performance": 0.9167
        },
        {
            "sparsity": 0.95,
            "params": 167089.0,
            "flops": 38589922.0,
            "performance": 0.7746
        },
        {
            "sparsity": 0.975,
            "params": 96779.0,
            "flops": 26838230.0,
            "performance": 0.1
        }
    ],
    "AutoCompressPruner": [
        {
            "sparsity": 0.1,
            "params": 12460277.0,
            "flops": 290311730.0,
            "performance": 0.9352
        },
        {
            "sparsity": 0.2,
            "params": 10138147.0,
            "flops": 269180938.0,
            "performance": 0.9324
        },
        {
            "sparsity": 0.3,
            "params": 8033350.0,
            "flops": 241789714.0,
            "performance": 0.9357
        },
        {
            "sparsity": 0.4,
            "params": 6105156.0,
            "flops": 213573294.0,
            "performance": 0.9367
        },
        {
            "sparsity": 0.5,
            "params": 4372604.0,
            "flops": 185826362.0,
            "performance": 0.9387
        },
        {
            "sparsity": 0.6,
            "params": 3029629.0,
            "flops": 166285498.0,
            "performance": 0.9334
        },
        {
            "sparsity": 0.7,
            "params": 1897060.0,
            "flops": 134897806.0,
            "performance": 0.9359
        },
        {
            "sparsity": 0.8,
            "params": 1145509.0,
            "flops": 111766450.0,
            "performance": 0.9334
        },
        {
            "sparsity": 0.9,
            "params": 362546.0,
            "flops": 50777246.0,
            "performance": 0.9261
        },
        {
            "sparsity": 0.95,
            "params": 149735.0,
            "flops": 39201770.0,
            "performance": 0.8924
        },
        {
            "sparsity": 0.975,
            "params": 45378.0,
            "flops": 13213974.0,
            "performance": 0.8193
        }
    ]
}