{
    "L1FilterPruner": [
        {
            "sparsity": 0.1,
            "params": 9642085.0,
            "flops": 496882684.0,
            "performance": 0.9436
        },
        {
            "sparsity": 0.2,
            "params": 8149126.0,
            "flops": 436381222.0,
            "performance": 0.9472
        },
        {
            "sparsity": 0.3,
            "params": 6705269.0,
            "flops": 371666312.0,
            "performance": 0.9391
        },
        {
            "sparsity": 0.4,
            "params": 5335138.0,
            "flops": 307050934.0,
            "performance": 0.9433
        },
        {
            "sparsity": 0.5,
            "params": 3998122.0,
            "flops": 237900244.0,
            "performance": 0.9379
        },
        {
            "sparsity": 0.6,
            "params": 2767325.0,
            "flops": 175308326.0,
            "performance": 0.9326
        },
        {
            "sparsity": 0.7,
            "params": 1617817.0,
            "flops": 108532198.0,
            "performance": 0.928
        },
        {
            "sparsity": 0.8,
            "params": 801338.0,
            "flops": 53808728.0,
            "performance": 0.9145
        },
        {
            "sparsity": 0.9,
            "params": 229372.0,
            "flops": 15304972.0,
            "performance": 0.8858
        },
        {
            "sparsity": 0.95,
            "params": 61337.0,
            "flops": 4305146.0,
            "performance": 0.8441
        },
        {
            "sparsity": 0.975,
            "params": 17763.0,
            "flops": 1561644.0,
            "performance": 0.7294
        }
    ],
    "L2FilterPruner": [
        {
            "sparsity": 0.1,
            "params": 9680242.0,
            "flops": 497492746.0,
            "performance": 0.9423
        },
        {
            "sparsity": 0.2,
            "params": 8137784.0,
            "flops": 436199900.0,
            "performance": 0.9471
        },
        {
            "sparsity": 0.3,
            "params": 6702679.0,
            "flops": 369733768.0,
            "performance": 0.9415
        },
        {
            "sparsity": 0.4,
            "params": 5330426.0,
            "flops": 305512736.0,
            "performance": 0.9411
        },
        {
            "sparsity": 0.5,
            "params": 3961076.0,
            "flops": 236467814.0,
            "performance": 0.9349
        },
        {
            "sparsity": 0.6,
            "params": 2776512.0,
            "flops": 175872204.0,
            "performance": 0.9393
        },
        {
            "sparsity": 0.7,
            "params": 1622571.0,
            "flops": 107994906.0,
            "performance": 0.9295
        },
        {
            "sparsity": 0.8,
            "params": 797075.0,
            "flops": 53534414.0,
            "performance": 0.9187
        },
        {
            "sparsity": 0.9,
            "params": 232153.0,
            "flops": 15385078.0,
            "performance": 0.8838
        },
        {
            "sparsity": 0.95,
            "params": 58180.0,
            "flops": 4510072.0,
            "performance": 0.8396
        },
        {
            "sparsity": 0.975,
            "params": 16836.0,
            "flops": 1429752.0,
            "performance": 0.7482
        }
    ],
    "FPGMPruner": [
        {
            "sparsity": 0.1,
            "params": 9705680.0,
            "flops": 497899454.0,
            "performance": 0.9443
        },
        {
            "sparsity": 0.2,
            "params": 8160468.0,
            "flops": 436562544.0,
            "performance": 0.946
        },
        {
            "sparsity": 0.3,
            "params": 6710052.0,
            "flops": 367960482.0,
            "performance": 0.9452
        },
        {
            "sparsity": 0.4,
            "params": 5334205.0,
            "flops": 306166432.0,
            "performance": 0.9412
        },
        {
            "sparsity": 0.5,
            "params": 4007259.0,
            "flops": 237702210.0,
            "performance": 0.9385
        },
        {
            "sparsity": 0.6,
            "params": 2782236.0,
            "flops": 175813620.0,
            "performance": 0.9304
        },
        {
            "sparsity": 0.7,
            "params": 1634603.0,
            "flops": 108904676.0,
            "performance": 0.9249
        },
        {
            "sparsity": 0.8,
            "params": 799610.0,
            "flops": 53645918.0,
            "performance": 0.9203
        },
        {
            "sparsity": 0.9,
            "params": 233644.0,
            "flops": 15408784.0,
            "performance": 0.8856
        },
        {
            "sparsity": 0.95,
            "params": 56518.0,
            "flops": 4266910.0,
            "performance": 0.83
        },
        {
            "sparsity": 0.975,
            "params": 17610.0,
            "flops": 1441836.0,
            "performance": 0.7356
        }
    ],
    "NetAdaptPruner": [
        {
            "sparsity": 0.1,
            "params": 11173962.0,
            "flops": 556651530.0,
            "performance": 0.9474
        },
        {
            "sparsity": 0.2,
            "params": 10454958.0,
            "flops": 545147466.0,
            "performance": 0.9482
        },
        {
            "sparsity": 0.3,
            "params": 9299986.0,
            "flops": 526681564.0,
            "performance": 0.9469
        },
        {
            "sparsity": 0.4,
            "params": 8137618.0,
            "flops": 508087276.0,
            "performance": 0.9451
        },
        {
            "sparsity": 0.5,
            "params": 6267654.0,
            "flops": 478185102.0,
            "performance": 0.947
        },
        {
            "sparsity": 0.6,
            "params": 5277444.0,
            "flops": 462341742.0,
            "performance": 0.9469
        },
        {
            "sparsity": 0.7,
            "params": 4854190.0,
            "flops": 455580628.0,
            "performance": 0.9466
        },
        {
            "sparsity": 0.8,
            "params": 3531098.0,
            "flops": 434411156.0,
            "performance": 0.9472
        }
    ],
    "SimulatedAnnealingPruner": [
        {
            "sparsity": 0.1,
            "params": 10307424.0,
            "flops": 537697098.0,
            "performance": 0.942
        },
        {
            "sparsity": 0.2,
            "params": 9264598.0,
            "flops": 513101368.0,
            "performance": 0.9456
        },
        {
            "sparsity": 0.3,
            "params": 7999316.0,
            "flops": 489260738.0,
            "performance": 0.946
        },
        {
            "sparsity": 0.4,
            "params": 6996176.0,
            "flops": 450768626.0,
            "performance": 0.9413
        },
        {
            "sparsity": 0.5,
            "params": 5412616.0,
            "flops": 408698434.0,
            "performance": 0.9477
        },
        {
            "sparsity": 0.6,
            "params": 5106924.0,
            "flops": 391735326.0,
            "performance": 0.9483
        },
        {
            "sparsity": 0.7,
            "params": 3032105.0,
            "flops": 269777978.0,
            "performance": 0.9414
        },
        {
            "sparsity": 0.8,
            "params": 2423230.0,
            "flops": 294783862.0,
            "performance": 0.9384
        },
        {
            "sparsity": 0.9,
            "params": 1151046.0,
            "flops": 209639226.0,
            "performance": 0.939
        },
        {
            "sparsity": 0.95,
            "params": 394406.0,
            "flops": 108776618.0,
            "performance": 0.923
        },
        {
            "sparsity": 0.975,
            "params": 250649.0,
            "flops": 84645050.0,
            "performance": 0.917
        }
    ],
    "AutoCompressPruner": [
        {
            "sparsity": 0.1,
            "params": 10238286.0,
            "flops": 536590794.0,
            "performance": 0.9406
        },
        {
            "sparsity": 0.2,
            "params": 9272049.0,
            "flops": 512333916.0,
            "performance": 0.9392
        },
        {
            "sparsity": 0.3,
            "params": 8099915.0,
            "flops": 485418056.0,
            "performance": 0.9398
        },
        {
            "sparsity": 0.4,
            "params": 6864547.0,
            "flops": 449359492.0,
            "performance": 0.9406
        },
        {
            "sparsity": 0.5,
            "params": 6106994.0,
            "flops": 430766432.0,
            "performance": 0.9397
        },
        {
            "sparsity": 0.6,
            "params": 5338096.0,
            "flops": 415085278.0,
            "performance": 0.9384
        },
        {
            "sparsity": 0.7,
            "params": 3701330.0,
            "flops": 351057878.0,
            "performance": 0.938
        },
        {
            "sparsity": 0.8,
            "params": 2229760.0,
            "flops": 269058346.0,
            "performance": 0.9388
        },
        {
            "sparsity": 0.9,
            "params": 1108564.0,
            "flops": 189355930.0,
            "performance": 0.9348
        },
        {
            "sparsity": 0.95,
            "params": 616893.0,
            "flops": 159314256.0,
            "performance": 0.93
        },
        {
            "sparsity": 0.975,
            "params": 297368.0,
            "flops": 113398292.0,
            "performance": 0.9072
        }
    ]
}