{
    "L1FilterPruner": [
        {
            "sparsity": 0.1,
            "params": 20378141.0,
            "flops": 1134740738.0,
            "performance": 0.9456
        },
        {
            "sparsity": 0.2,
            "params": 17286560.0,
            "flops": 966734852.0,
            "performance": 0.9433
        },
        {
            "sparsity": 0.3,
            "params": 14403947.0,
            "flops": 807114812.0,
            "performance": 0.9396
        },
        {
            "sparsity": 0.4,
            "params": 11558288.0,
            "flops": 656314106.0,
            "performance": 0.9402
        },
        {
            "sparsity": 0.5,
            "params": 8826728.0,
            "flops": 507965924.0,
            "performance": 0.9394
        },
        {
            "sparsity": 0.6,
            "params": 6319902.0,
            "flops": 374211960.0,
            "performance": 0.9372
        },
        {
            "sparsity": 0.7,
            "params": 4063713.0,
            "flops": 246788556.0,
            "performance": 0.9304
        },
        {
            "sparsity": 0.8,
            "params": 2120717.0,
            "flops": 133614422.0,
            "performance": 0.9269
        },
        {
            "sparsity": 0.9,
            "params": 652524.0,
            "flops": 41973714.0,
            "performance": 0.9081
        },
        {
            "sparsity": 0.95,
            "params": 195468.0,
            "flops": 13732020.0,
            "performance": 0.8723
        },
        {
            "sparsity": 0.975,
            "params": 58054.0,
            "flops": 4268104.0,
            "performance": 0.7941
        }
    ],
    "L2FilterPruner": [
        {
            "sparsity": 0.1,
            "params": 20378141.0,
            "flops": 1134740738.0,
            "performance": 0.9442
        },
        {
            "sparsity": 0.2,
            "params": 17275244.0,
            "flops": 966400928.0,
            "performance": 0.9463
        },
        {
            "sparsity": 0.3,
            "params": 14415409.0,
            "flops": 807710914.0,
            "performance": 0.9367
        },
        {
            "sparsity": 0.4,
            "params": 11564310.0,
            "flops": 656653008.0,
            "performance": 0.9391
        },
        {
            "sparsity": 0.5,
            "params": 8843266.0,
            "flops": 508086256.0,
            "performance": 0.9381
        },
        {
            "sparsity": 0.6,
            "params": 6316815.0,
            "flops": 373882614.0,
            "performance": 0.9368
        },
        {
            "sparsity": 0.7,
            "params": 4054272.0,
            "flops": 246477678.0,
            "performance": 0.935
        },
        {
            "sparsity": 0.8,
            "params": 2129321.0,
            "flops": 134527520.0,
            "performance": 0.9275
        },
        {
            "sparsity": 0.9,
            "params": 667500.0,
            "flops": 42927060.0,
            "performance": 0.9129
        },
        {
            "sparsity": 0.95,
            "params": 192464.0,
            "flops": 13669430.0,
            "performance": 0.8757
        },
        {
            "sparsity": 0.975,
            "params": 58250.0,
            "flops": 4365620.0,
            "performance": 0.7978
        }
    ],
    "FPGMPruner": [
        {
            "sparsity": 0.1,
            "params": 20401570.0,
            "flops": 1135114552.0,
            "performance": 0.9438
        },
        {
            "sparsity": 0.2,
            "params": 17321414.0,
            "flops": 967137398.0,
            "performance": 0.9427
        },
        {
            "sparsity": 0.3,
            "params": 14418221.0,
            "flops": 807755756.0,
            "performance": 0.9422
        },
        {
            "sparsity": 0.4,
            "params": 11565000.0,
            "flops": 655412124.0,
            "performance": 0.9403
        },
        {
            "sparsity": 0.5,
            "params": 8829840.0,
            "flops": 506715294.0,
            "performance": 0.9355
        },
        {
            "sparsity": 0.6,
            "params": 6308085.0,
            "flops": 374231682.0,
            "performance": 0.9359
        },
        {
            "sparsity": 0.7,
            "params": 4054237.0,
            "flops": 246511714.0,
            "performance": 0.9285
        },
        {
            "sparsity": 0.8,
            "params": 2134187.0,
            "flops": 134456366.0,
            "performance": 0.9275
        },
        {
            "sparsity": 0.9,
            "params": 665931.0,
            "flops": 42859752.0,
            "performance": 0.9083
        },
        {
            "sparsity": 0.95,
            "params": 191590.0,
            "flops": 13641052.0,
            "performance": 0.8762
        },
        {
            "sparsity": 0.975,
            "params": 57767.0,
            "flops": 4350074.0,
            "performance": 0.789
        }
    ],
    "NetAdaptPruner": [
        {
            "sparsity": 0.1,
            "params": 22348970.0,
            "flops": 1275701258.0,
            "performance": 0.9404
        },
        {
            "sparsity": 0.2,
            "params": 21177162.0,
            "flops": 1256952330.0,
            "performance": 0.9445
        },
        {
            "sparsity": 0.3,
            "params": 18407434.0,
            "flops": 1212636682.0,
            "performance": 0.9433
        },
        {
            "sparsity": 0.4,
            "params": 16061284.0,
            "flops": 1175098282.0,
            "performance": 0.9401
        }
    ],
    "SimulatedAnnealingPruner": [
        {
            "sparsity": 0.1,
            "params": 20551755.0,
            "flops": 1230145122.0,
            "performance": 0.9438
        },
        {
            "sparsity": 0.2,
            "params": 17766048.0,
            "flops": 1159924128.0,
            "performance": 0.9432
        },
        {
            "sparsity": 0.3,
            "params": 15105146.0,
            "flops": 1094478662.0,
            "performance": 0.943
        },
        {
            "sparsity": 0.4,
            "params": 12378092.0,
            "flops": 1008801158.0,
            "performance": 0.9398
        },
        {
            "sparsity": 0.5,
            "params": 9890487.0,
            "flops": 911941770.0,
            "performance": 0.9426
        },
        {
            "sparsity": 0.6,
            "params": 7638262.0,
            "flops": 831218770.0,
            "performance": 0.9412
        },
        {
            "sparsity": 0.7,
            "params": 5469936.0,
            "flops": 691881792.0,
            "performance": 0.9405
        },
        {
            "sparsity": 0.8,
            "params": 3668951.0,
            "flops": 580850666.0,
            "performance": 0.941
        },
        {
            "sparsity": 0.9,
            "params": 1765284.0,
            "flops": 389162310.0,
            "performance": 0.9294
        }
    ],
    "AutoCompressPruner": [
        {
            "sparsity": 0.1,
            "params": 20660299.0,
            "flops": 1228508590.0,
            "performance": 0.9337
        },
        {
            "sparsity": 0.2,
            "params": 17940465.0,
            "flops": 1152868146.0,
            "performance": 0.9326
        },
        {
            "sparsity": 0.3,
            "params": 15335831.0,
            "flops": 1084996094.0,
            "performance": 0.9348
        },
        {
            "sparsity": 0.4,
            "params": 12821408.0,
            "flops": 991305524.0,
            "performance": 0.936
        },
        {
            "sparsity": 0.5,
            "params": 10695425.0,
            "flops": 919638860.0,
            "performance": 0.9349
        },
        {
            "sparsity": 0.6,
            "params": 8536821.0,
            "flops": 802011678.0,
            "performance": 0.9339
        },
        {
            "sparsity": 0.7,
            "params": 7276898.0,
            "flops": 744248114.0,
            "performance": 0.9337
        },
        {
            "sparsity": 0.8,
            "params": 5557721.0,
            "flops": 643881710.0,
            "performance": 0.9323
        },
        {
            "sparsity": 0.9,
            "params": 3925140.0,
            "flops": 512545272.0,
            "performance": 0.9304
        },
        {
            "sparsity": 0.95,
            "params": 2867004.0,
            "flops": 365184762.0,
            "performance": 0.9263
        },
        {
            "sparsity": 0.975,
            "params": 1773257.0,
            "flops": 229320266.0,
            "performance": 0.9175
        }
    ]
}